{
    "faithfulness": 0.6313281529427363,
    "answer_relevancy": 0.9108937379742276,
    "context_precision": 0.797250859026804,
    "context_recall": 0.6014665435139573
}