{
    "faithfulness": 0.39950930106853333,
    "answer_relevancy": 0.9070668667568234,
    "context_precision": 0.9999999999000001,
    "context_recall": 0.439372526120662
}