{
    "faithfulness": 0.7828606000481,
    "answer_relevancy": 0.9109302835736593,
    "context_precision": 0.9587628865020617,
    "context_recall": 0.8650287356321839
}