{
    "faithfulness": 0.6325143365798634,
    "answer_relevancy": 0.9488415855954758,
    "context_precision": 0.9931034481765517,
    "context_recall": 0.8097562517665611
}