{
    "faithfulness": 0.438110343382126,
    "answer_relevancy": 0.9200463661878323,
    "context_precision": 0.9965635737835052,
    "context_recall": 0.4485283205597711
}