{
    "faithfulness": 0.6096133486597405,
    "answer_relevancy": 0.9021107625091765,
    "context_precision": 0.8041237112597938,
    "context_recall": 0.6056380570555828
}